<?xml version="1.0" encoding="UTF-8"?>
<project-private xmlns="http://www.netbeans.org/ns/project-private/1">
    <editor-bookmarks xmlns="http://www.netbeans.org/ns/editor-bookmarks/2" lastBookmarkId="0"/>
    <open-files xmlns="http://www.netbeans.org/ns/projectui-open-files/2">
        <group>
            <file>file:/C:/Users/Asus/OneDrive/Documentos/NetBeansProjects/PlataformaFinanciera/src/Main/App.java</file>
            <file>file:/C:/Users/Asus/OneDrive/Documentos/NetBeansProjects/PlataformaFinanciera/src/DAO/Capacitacion_DAO.java</file>
            <file>file:/C:/Users/Asus/OneDrive/Documentos/NetBeansProjects/PlataformaFinanciera/src/Servicios/Servicio_Capacitacion.java</file>
            <file>file:/C:/Users/Asus/OneDrive/Documentos/NetBeansProjects/PlataformaFinanciera/src/Controlador/Controlador_Capacitacion.java</file>
            <file>file:/C:/Users/Asus/OneDrive/Documentos/NetBeansProjects/PlataformaFinanciera/src/Controlador/TipoOperacionCapacitacion.java</file>
        </group>
    </open-files>
</project-private>
